,0,1,2
0,3300,"Series([], Name: overflowing, dtype: object)",369613
1,3301,"Series([], Name: overflowing, dtype: object)",331088
2,3302,"Series([], Name: overflowing, dtype: object)",373618
3,3303,"Series([], Name: overflowing, dtype: object)",288101
4,3304,"Series([], Name: overflowing, dtype: object)",328222
5,3305,"Series([], Name: overflowing, dtype: object)",395408
6,3306,"Series([], Name: overflowing, dtype: object)",304155
7,3307,"Series([], Name: overflowing, dtype: object)",374424
8,3308,"Series([], Name: overflowing, dtype: object)",349888
9,3309,"Series([], Name: overflowing, dtype: object)",330906
10,3310,"Series([], Name: overflowing, dtype: object)",394693
11,3311,"Series([], Name: overflowing, dtype: object)",391212
12,3312,"Series([], Name: overflowing, dtype: object)",185486
13,3313,"Series([], Name: overflowing, dtype: object)",39396
14,3314,"Series([], Name: overflowing, dtype: object)",35842
15,3315,"Series([], Name: overflowing, dtype: object)",29392
16,3316,"Series([], Name: overflowing, dtype: object)",29365
17,3317,"Series([], Name: overflowing, dtype: object)",31804
18,3318,"Series([], Name: overflowing, dtype: object)",36704
19,3319,"Series([], Name: overflowing, dtype: object)",36728
20,3320,"Series([], Name: overflowing, dtype: object)",36738
21,3321,"Series([], Name: overflowing, dtype: object)",37048
22,3322,"Series([], Name: overflowing, dtype: object)",45879
23,3323,"Series([], Name: overflowing, dtype: object)",45936
24,3324,"Series([], Name: overflowing, dtype: object)",45852
25,3325,"Series([], Name: overflowing, dtype: object)",39687
26,3326,"Series([], Name: overflowing, dtype: object)",42092
27,3327,"Series([], Name: overflowing, dtype: object)",36702
28,3328,"Series([], Name: overflowing, dtype: object)",36740
29,3329,"Series([], Name: overflowing, dtype: object)",40401
30,3330,"Series([], Name: overflowing, dtype: object)",45905
31,3331,"Series([], Name: overflowing, dtype: object)",45926
32,3332,"Series([], Name: overflowing, dtype: object)",45879
33,3333,"Series([], Name: overflowing, dtype: object)",48673
34,3334,"Series([], Name: overflowing, dtype: object)",57359
35,3335,"Series([], Name: overflowing, dtype: object)",55550
36,3336,"Series([], Name: overflowing, dtype: object)",43923
37,3337,"Series([], Name: overflowing, dtype: object)",36886
38,3338,"Series([], Name: overflowing, dtype: object)",45900
39,3339,"Series([], Name: overflowing, dtype: object)",47121
40,3340,"Series([], Name: overflowing, dtype: object)",57411
41,3341,"Series([], Name: overflowing, dtype: object)",57377
42,3342,"Series([], Name: overflowing, dtype: object)",57334
43,3343,"Series([], Name: overflowing, dtype: object)",59563
44,3344,"Series([], Name: overflowing, dtype: object)",58320
45,3345,"Series([], Name: overflowing, dtype: object)",46051
46,3346,"Series([], Name: overflowing, dtype: object)",40939
47,3347,"Series([], Name: overflowing, dtype: object)",42338
48,3348,"Series([], Name: overflowing, dtype: object)",51216
49,3349,"Series([], Name: overflowing, dtype: object)",51273
50,3350,"Series([], Name: overflowing, dtype: object)",51204
51,3351,"Series([], Name: overflowing, dtype: object)",51233
52,3352,"Series([], Name: overflowing, dtype: object)",61904
53,3353,"Series([], Name: overflowing, dtype: object)",54687
54,3354,"Series([], Name: overflowing, dtype: object)",52657
55,3355,"Series([], Name: overflowing, dtype: object)",40962
56,3356,"Series([], Name: overflowing, dtype: object)",47906
57,3357,"Series([], Name: overflowing, dtype: object)",51191
58,3358,"Series([], Name: overflowing, dtype: object)",51232
59,3359,"Series([], Name: overflowing, dtype: object)",51252
60,3360,"Series([], Name: overflowing, dtype: object)",63223
61,3361,"Series([], Name: overflowing, dtype: object)",64038
62,3362,"Series([], Name: overflowing, dtype: object)",50795
63,3363,"Series([], Name: overflowing, dtype: object)",40984
64,3364,"Series([], Name: overflowing, dtype: object)",57449
65,3365,"Series([], Name: overflowing, dtype: object)",64092
66,3366,"Series([], Name: overflowing, dtype: object)",64015
67,3367,"Series([], Name: overflowing, dtype: object)",62611
68,3368,"Series([], Name: overflowing, dtype: object)",64003
69,3369,"Series([], Name: overflowing, dtype: object)",60094
70,3370,"Series([], Name: overflowing, dtype: object)",44985
71,3371,"Series([], Name: overflowing, dtype: object)",40986
72,3372,"Series([], Name: overflowing, dtype: object)",40998
73,3373,"Series([], Name: overflowing, dtype: object)",40967
74,3374,"Series([], Name: overflowing, dtype: object)",40967
75,3375,"Series([], Name: overflowing, dtype: object)",41027
76,3376,"Series([], Name: overflowing, dtype: object)",40994
77,3377,"Series([], Name: overflowing, dtype: object)",40976
78,3378,"Series([], Name: overflowing, dtype: object)",40956
79,3379,"Series([], Name: overflowing, dtype: object)",41010
80,3380,"Series([], Name: overflowing, dtype: object)",36455
81,3381,"Series([], Name: overflowing, dtype: object)",28689
82,3382,"Series([], Name: overflowing, dtype: object)",26231
83,3383,"Series([], Name: overflowing, dtype: object)",26239
84,3384,"Series([], Name: overflowing, dtype: object)",26221
85,3385,"Series([], Name: overflowing, dtype: object)",26235
86,3386,"Series([], Name: overflowing, dtype: object)",26231
87,3387,"Series([], Name: overflowing, dtype: object)",26216
88,3388,"Series([], Name: overflowing, dtype: object)",26228
89,3389,"Series([], Name: overflowing, dtype: object)",26214
90,3390,"Series([], Name: overflowing, dtype: object)",26251
91,3391,"Series([], Name: overflowing, dtype: object)",26236
92,3392,"Series([], Name: overflowing, dtype: object)",26218
93,3393,"Series([], Name: overflowing, dtype: object)",26210
94,3394,"Series([], Name: overflowing, dtype: object)",26246
95,3395,"Series([], Name: overflowing, dtype: object)",26235
96,3396,"Series([], Name: overflowing, dtype: object)",26209
97,3397,"Series([], Name: overflowing, dtype: object)",22597
98,3398,"Series([], Name: overflowing, dtype: object)",19192
99,3399,"Series([], Name: overflowing, dtype: object)",16778
100,3400,"Series([], Name: overflowing, dtype: object)",324523
101,3401,"Series([], Name: overflowing, dtype: object)",339805
102,3402,"Series([], Name: overflowing, dtype: object)",334522
103,3403,"Series([], Name: overflowing, dtype: object)",291704
104,3404,"Series([], Name: overflowing, dtype: object)",384118
105,3405,"Series([], Name: overflowing, dtype: object)",249784
106,3406,"Series([], Name: overflowing, dtype: object)",324100
107,3407,"Series([], Name: overflowing, dtype: object)",358802
108,3408,"Series([], Name: overflowing, dtype: object)",331315
109,3409,"Series([], Name: overflowing, dtype: object)",333793
110,3410,"Series([], Name: overflowing, dtype: object)",411570
111,3411,"Series([], Name: overflowing, dtype: object)",387311
112,3412,"Series([], Name: overflowing, dtype: object)",351537
113,3413,"Series([], Name: overflowing, dtype: object)",252864
114,3414,"Series([], Name: overflowing, dtype: object)",282068
115,3415,"Series([], Name: overflowing, dtype: object)",362825
116,3416,"Series([], Name: overflowing, dtype: object)",296457
117,3417,"Series([], Name: overflowing, dtype: object)",337323
118,3418,"Series([], Name: overflowing, dtype: object)",310985
119,3419,"Series([], Name: overflowing, dtype: object)",377911
120,3420,"Series([], Name: overflowing, dtype: object)",355770
121,3421,"Series([], Name: overflowing, dtype: object)",377103
122,3422,"Series([], Name: overflowing, dtype: object)",373126
123,3423,"Series([], Name: overflowing, dtype: object)",158148
124,3424,"Series([], Name: overflowing, dtype: object)",23479
125,3425,"Series([], Name: overflowing, dtype: object)",23543
126,3426,"Series([], Name: overflowing, dtype: object)",29341
127,3427,"Series([], Name: overflowing, dtype: object)",29393
128,3428,"Series([], Name: overflowing, dtype: object)",22889
129,3429,"Series([], Name: overflowing, dtype: object)",22684
130,3430,"Series([], Name: overflowing, dtype: object)",23519
131,3431,"Series([], Name: overflowing, dtype: object)",23482
132,3432,"Series([], Name: overflowing, dtype: object)",26758
133,3433,"Series([], Name: overflowing, dtype: object)",29378
134,3434,"Series([], Name: overflowing, dtype: object)",29384
135,3435,"Series([], Name: overflowing, dtype: object)",29394
136,3436,"Series([], Name: overflowing, dtype: object)",35461
137,3437,"Series([], Name: overflowing, dtype: object)",36729
138,3438,"Series([], Name: overflowing, dtype: object)",36723
139,3439,"Series([], Name: overflowing, dtype: object)",38773
140,3440,"Series([], Name: overflowing, dtype: object)",45938
141,3441,"Series([], Name: overflowing, dtype: object)",45904
142,3442,"Series([], Name: overflowing, dtype: object)",45680
143,3443,"Series([], Name: overflowing, dtype: object)",37123
144,3444,"Series([], Name: overflowing, dtype: object)",36728
145,3445,"Series([], Name: overflowing, dtype: object)",38575
146,3446,"Series([], Name: overflowing, dtype: object)",45902
147,3447,"Series([], Name: overflowing, dtype: object)",45922
148,3448,"Series([], Name: overflowing, dtype: object)",45898
149,3449,"Series([], Name: overflowing, dtype: object)",49938
150,3450,"Series([], Name: overflowing, dtype: object)",57349
151,3451,"Series([], Name: overflowing, dtype: object)",55732
152,3452,"Series([], Name: overflowing, dtype: object)",44332
153,3453,"Series([], Name: overflowing, dtype: object)",39696
154,3454,"Series([], Name: overflowing, dtype: object)",45904
155,3455,"Series([], Name: overflowing, dtype: object)",45910
156,3456,"Series([], Name: overflowing, dtype: object)",45895
157,3457,"Series([], Name: overflowing, dtype: object)",52765
158,3458,"Series([], Name: overflowing, dtype: object)",57344
159,3459,"Series([], Name: overflowing, dtype: object)",57377
160,3460,"Series([], Name: overflowing, dtype: object)",56410
161,3461,"Series([], Name: overflowing, dtype: object)",46101
162,3462,"Series([], Name: overflowing, dtype: object)",45854
163,3463,"Series([], Name: overflowing, dtype: object)",45928
164,3464,"Series([], Name: overflowing, dtype: object)",45928
165,3465,"Series([], Name: overflowing, dtype: object)",53563
166,3466,"Series([], Name: overflowing, dtype: object)",57417
167,3467,"Series([], Name: overflowing, dtype: object)",57349
168,3468,"Series([], Name: overflowing, dtype: object)",57375
169,3469,"Series([], Name: overflowing, dtype: object)",60464
170,3470,"Series([], Name: overflowing, dtype: object)",62860
171,3471,"Series([], Name: overflowing, dtype: object)",64039
172,3472,"Series([], Name: overflowing, dtype: object)",64020
173,3473,"Series([], Name: overflowing, dtype: object)",62832
174,3474,"Series([], Name: overflowing, dtype: object)",64048
175,3475,"Series([], Name: overflowing, dtype: object)",64093
176,3476,"Series([], Name: overflowing, dtype: object)",59255
177,3477,"Series([], Name: overflowing, dtype: object)",43123
178,3478,"Series([], Name: overflowing, dtype: object)",41001
179,3479,"Series([], Name: overflowing, dtype: object)",40960
180,3480,"Series([], Name: overflowing, dtype: object)",41020
181,3481,"Series([], Name: overflowing, dtype: object)",40971
182,3482,"Series([], Name: overflowing, dtype: object)",41013
183,3483,"Series([], Name: overflowing, dtype: object)",40986
184,3484,"Series([], Name: overflowing, dtype: object)",40982
185,3485,"Series([], Name: overflowing, dtype: object)",40947
186,3486,"Series([], Name: overflowing, dtype: object)",40979
187,3487,"Series([], Name: overflowing, dtype: object)",35846
188,3488,"Series([], Name: overflowing, dtype: object)",28461
189,3489,"Series([], Name: overflowing, dtype: object)",26235
190,3490,"Series([], Name: overflowing, dtype: object)",26204
191,3491,"Series([], Name: overflowing, dtype: object)",26246
192,3492,"Series([], Name: overflowing, dtype: object)",26212
193,3493,"Series([], Name: overflowing, dtype: object)",26237
194,3494,"Series([], Name: overflowing, dtype: object)",26220
195,3495,"Series([], Name: overflowing, dtype: object)",26217
196,3496,"Series([], Name: overflowing, dtype: object)",26244
197,3497,"Series([], Name: overflowing, dtype: object)",26234
198,3498,"Series([], Name: overflowing, dtype: object)",26234
199,3499,"Series([], Name: overflowing, dtype: object)",26225
